{"global_step": 81920, "_timestamp": 1652139677.1803284, "rollout/ep_len_mean": 400.0, "rollout/ep_rew_mean": -705.385009765625, "time/fps": 599.0, "_runtime": 140, "_step": 9, "train/approx_kl": 0.0012387216556817293, "train/clip_fraction": 7.324219041038305e-05, "train/clip_range": 0.20000000298023224, "train/entropy_loss": -5.694656848907471, "train/explained_variance": -0.01095283031463623, "train/learning_rate": 0.0003000000142492354, "train/loss": 436.9468078613281, "train/policy_gradient_loss": -0.001140683889389038, "train/std": 1.0041890144348145, "train/value_loss": 858.7888793945312, "_wandb": {"runtime": 147}}