{"global_step": 32800768, "_timestamp": 1652178650.7548409, "rollout/ep_len_mean": 400.0, "rollout/ep_rew_mean": 476.839599609375, "time/fps": 847.0, "_runtime": 38723, "_step": 4003, "train/approx_kl": 0.012660244479775429, "train/clip_fraction": 0.0526123046875, "train/clip_range": 0.20000000298023224, "train/entropy_loss": 0.3993516266345978, "train/explained_variance": 0.8359885215759277, "train/learning_rate": 0.0003000000142492354, "train/loss": 318.65850830078125, "train/policy_gradient_loss": 1.980811430257745e-05, "train/std": 0.2893316149711609, "train/value_loss": 620.3372802734375, "_wandb": {"runtime": 38725}}